Code,Name,Geography,65,66,67,68,69,70,71,72,73,74,75,76,77,78,79,80,81,82,83,84,85,86,87,88,89,90,Population
E07000026,Allerdale,Non-metropolitan District,1219,1267,1352,1246,1328,1278,1437,1440,1517,1035,996,1061,982,870,777,750,724,704,631,554,486,430,378,368,324,1239,24393
E07000027,Barrow-in-Furness,Non-metropolitan District,746,796,775,766,781,747,811,887,898,697,670,658,641,531,541,475,450,440,355,339,269,223,222,165,143,583,14609
E07000028,Carlisle,Non-metropolitan District,1283,1311,1316,1287,1261,1327,1339,1298,1452,1103,979,1005,927,874,767,756,682,722,671,548,495,444,427,379,280,1120,24053
E07000029,Copeland,Non-metropolitan District,890,878,840,809,921,832,881,972,935,659,672,689,564,591,501,502,439,463,429,345,323,220,234,250,164,620,15623
E07000030,Eden,Non-metropolitan District,819,782,782,760,879,794,749,858,854,692,641,653,566,477,433,449,459,415,343,345,277,223,239,218,188,754,14649
E07000031,South Lakeland,Non-metropolitan District,1525,1530,1527,1442,1392,1623,1677,1698,1922,1453,1307,1375,1231,1036,928,943,929,880,793,713,608,582,515,432,465,1569,30095
E07000117,Burnley,Non-metropolitan District,953,921,952,860,882,921,1005,1039,1108,777,740,727,620,600,537,478,440,451,399,344,300,258,254,191,204,837,16798
E07000118,Chorley,Non-metropolitan District,1299,1385,1279,1263,1301,1344,1347,1532,1612,1131,1128,1060,1006,827,774,746,667,647,559,456,433,383,326,304,222,832,23863
E07000119,Fylde,Non-metropolitan District,1080,1127,1138,1043,1090,1172,1176,1314,1416,1082,1098,973,925,855,691,735,715,607,616,562,523,474,390,341,316,1163,22622
E07000120,Hyndburn,Non-metropolitan District,783,796,769,771,827,761,933,926,928,726,737,680,603,549,479,478,409,421,369,349,279,275,201,213,176,566,15004
E07000121,Lancaster,Non-metropolitan District,1598,1524,1530,1513,1531,1540,1627,1598,1816,1401,1304,1256,1146,1109,888,908,881,848,802,713,599,536,503,417,381,1466,29435
E07000122,Pendle,Non-metropolitan District,1012,940,967,965,1012,998,991,1016,1130,775,771,768,665,550,562,480,478,401,434,370,348,303,263,231,199,763,17392
E07000123,Preston,Non-metropolitan District,1232,1213,1261,1144,1192,1134,1153,1151,1206,889,847,879,800,716,678,674,645,646,543,520,485,420,353,313,299,877,21270
E07000124,Ribble Valley,Non-metropolitan District,782,773,768,743,688,767,820,863,893,758,698,621,567,496,499,448,422,382,366,376,302,274,232,229,175,770,14712
E07000125,Rossendale,Non-metropolitan District,818,846,838,729,720,791,784,887,895,610,574,566,511,436,384,346,345,338,282,289,246,236,167,182,155,574,13549
E07000126,South Ribble,Non-metropolitan District,1227,1289,1245,1283,1214,1367,1337,1391,1565,1105,1079,1096,933,829,757,792,743,665,607,530,524,385,341,300,296,1065,23965
E07000127,West Lancashire,Non-metropolitan District,1344,1270,1322,1293,1312,1295,1362,1510,1562,1224,1135,1142,1093,984,821,776,828,712,706,606,519,480,370,352,303,1175,25496
E07000128,Wyre,Non-metropolitan District,1570,1596,1615,1535,1559,1588,1741,1778,1981,1463,1353,1420,1295,1202,1071,1088,993,894,843,783,658,621,476,450,439,1519,31531
E07000163,Craven,Non-metropolitan District,853,874,875,784,775,804,857,921,938,678,739,729,638,581,483,477,487,399,370,391,366,295,252,258,229,865,15918
E07000164,Hambleton,Non-metropolitan District,1247,1279,1303,1255,1282,1256,1344,1458,1512,1121,1165,1152,972,846,704,825,753,734,627,623,520,486,386,337,343,1058,24588
E07000165,Harrogate,Non-metropolitan District,1995,1967,1881,1860,1898,1863,2015,2156,2350,1745,1774,1599,1436,1328,1217,1246,1183,1166,1008,974,863,786,675,622,548,2302,38457
E07000166,Richmondshire,Non-metropolitan District,669,623,649,606,644,585,680,667,739,575,523,519,453,400,368,353,361,319,299,267,260,206,174,142,138,471,11690
E07000167,Ryedale,Non-metropolitan District,800,809,818,791,795,845,805,858,912,696,704,712,634,517,425,482,486,414,359,338,329,295,264,213,228,706,15235
E07000168,Scarborough,Non-metropolitan District,1519,1649,1571,1583,1592,1601,1665,1694,1942,1450,1406,1333,1217,985,965,905,962,877,730,729,644,533,489,401,392,1370,30204
E07000169,Selby,Non-metropolitan District,1053,1142,1011,1011,1065,1086,1100,1088,1219,882,874,791,761,670,532,514,517,473,456,452,366,310,281,253,216,743,18866
E07000032,Amber Valley,Non-metropolitan District,1527,1586,1553,1483,1549,1618,1670,1745,1899,1344,1295,1385,1208,1011,879,815,831,727,677,603,513,465,468,357,295,1344,28847
E07000033,Bolsover,Non-metropolitan District,919,919,894,895,911,920,852,949,976,795,840,774,674,629,507,472,453,415,412,346,330,279,250,194,161,651,16417
E07000034,Chesterfield,Non-metropolitan District,1221,1230,1236,1143,1212,1248,1185,1254,1387,1055,953,1064,952,777,680,685,685,642,562,451,443,436,364,346,234,1066,22511
E07000035,Derbyshire Dales,Non-metropolitan District,1001,1041,1075,1053,1095,1047,1080,1179,1295,954,857,953,837,702,619,560,565,550,544,452,390,352,304,277,280,864,19926
E07000036,Erewash,Non-metropolitan District,1228,1231,1222,1212,1211,1159,1244,1341,1497,1140,1091,1098,981,809,685,797,667,692,625,563,515,442,384,407,370,1198,23809
E07000037,High Peak,Non-metropolitan District,1066,1161,1132,1126,1096,1114,1107,1210,1266,953,893,912,763,722,616,591,559,501,427,439,383,357,275,263,213,828,19973
E07000038,North East Derbyshire,Non-metropolitan District,1328,1417,1271,1245,1296,1322,1444,1442,1528,1288,1297,1246,1081,931,825,798,832,750,614,539,535,410,406,319,308,926,25398
E07000039,South Derbyshire,Non-metropolitan District,1136,1207,1198,1132,1087,1130,1091,1209,1303,947,935,903,801,657,592,573,582,482,412,408,391,301,259,306,249,797,20088
E07000129,Blaby,Non-metropolitan District,1049,1031,1153,1082,1002,1119,1152,1193,1290,963,966,930,867,720,647,598,683,590,588,471,432,417,364,303,245,942,20797
E07000130,Charnwood,Non-metropolitan District,1832,1846,1916,1911,1830,1731,1923,1919,2090,1491,1540,1567,1396,1115,1058,1054,976,897,884,757,687,614,569,517,443,1619,34182
E07000131,Harborough,Non-metropolitan District,1067,1116,1082,1074,1104,1154,1129,1203,1342,1026,983,1001,886,693,560,650,620,585,559,486,444,379,299,302,284,970,20998
E07000132,Hinckley and Bosworth,Non-metropolitan District,1258,1347,1418,1316,1363,1386,1486,1561,1510,1174,1228,1151,1039,873,731,731,773,709,578,542,486,374,354,325,332,1121,25166
E07000133,Melton,Non-metropolitan District,647,659,677,664,711,639,669,735,747,539,553,542,493,385,351,395,325,321,245,268,223,240,175,168,143,535,12049
E07000134,North West Leicestershire,Non-metropolitan District,1163,1143,1178,1162,1145,1197,1183,1270,1366,1098,1020,993,865,725,597,614,585,542,454,439,371,323,284,258,225,909,21109
E07000135,Oadby and Wigston,Non-metropolitan District,597,563,656,561,582,572,670,594,673,488,525,539,502,408,396,377,389,409,390,327,316,292,271,221,195,861,12374
E07000136,Boston,Non-metropolitan District,827,841,771,802,765,825,786,836,889,697,671,664,580,499,482,478,442,377,360,328,332,254,249,196,185,711,14847
E07000137,East Lindsey,Non-metropolitan District,2229,2268,2393,2207,2361,2430,2394,2546,2793,2207,2117,2048,1732,1609,1296,1284,1262,1126,1013,915,821,630,663,623,479,1713,43159
E07000138,Lincoln,Non-metropolitan District,808,843,839,831,835,826,806,852,841,702,647,635,604,453,438,453,444,407,364,398,343,303,252,267,223,902,15316
E07000139,North Kesteven,Non-metropolitan District,1364,1369,1381,1353,1395,1502,1500,1642,1736,1327,1348,1350,1170,1078,927,979,941,866,739,620,513,512,423,386,343,1104,27868
E07000140,South Holland,Non-metropolitan District,1172,1196,1143,1173,1221,1158,1286,1356,1524,1090,1062,982,982,831,720,738,695,665,675,538,487,446,384,333,330,1105,23292
E07000141,South Kesteven,Non-metropolitan District,1736,1782,1814,1718,1752,1850,1755,1985,2124,1679,1552,1506,1344,1306,1002,1004,972,853,849,740,655,594,507,439,430,1608,33556
E07000142,West Lindsey,Non-metropolitan District,1336,1324,1309,1274,1224,1317,1361,1462,1562,1177,1113,1200,1054,860,733,693,716,616,636,520,514,361,370,310,247,951,24240
E07000170,Ashfield,Non-metropolitan District,1331,1384,1368,1348,1331,1377,1338,1424,1411,1152,1174,1197,1155,902,847,799,781,659,644,535,467,432,356,314,266,927,24919
E07000171,Bassetlaw,Non-metropolitan District,1458,1461,1441,1347,1346,1432,1474,1600,1610,1247,1223,1190,1099,929,839,794,783,702,653,555,537,495,350,388,321,1142,26416
E07000172,Broxtowe,Non-metropolitan District,1224,1225,1285,1181,1243,1325,1288,1386,1625,1121,1138,1121,957,837,763,800,716,708,629,543,526,419,380,388,272,1161,24261
E07000173,Gedling,Non-metropolitan District,1310,1342,1308,1427,1271,1362,1425,1445,1545,1093,1119,1073,980,853,758,761,773,752,695,624,528,491,389,392,276,964,24956
E07000174,Mansfield,Non-metropolitan District,1267,1248,1184,1125,1225,1154,1189,1173,1194,1025,1015,967,883,728,640,624,632,559,524,519,412,366,320,271,276,895,21415
E07000175,Newark and Sherwood,Non-metropolitan District,1506,1497,1387,1465,1425,1473,1524,1604,1767,1366,1253,1267,1158,996,828,834,872,759,679,600,544,447,423,333,354,1219,27580
E07000176,Rushcliffe,Non-metropolitan District,1264,1304,1243,1326,1327,1326,1320,1422,1604,1189,1140,1171,991,875,748,792,772,700,656,610,589,519,467,417,353,1414,25539
E07000192,Cannock Chase,Non-metropolitan District,1098,1143,1062,989,1009,1097,1028,1088,1192,944,964,868,835,707,568,604,606,536,521,431,352,315,294,250,246,879,19626
E07000193,East Staffordshire,Non-metropolitan District,1332,1262,1278,1160,1242,1226,1233,1290,1409,1067,1026,1115,981,859,718,766,704,615,635,552,472,423,386,325,296,1031,23403
E07000194,Lichfield,Non-metropolitan District,1170,1279,1281,1172,1228,1253,1312,1546,1615,1203,1361,1290,1147,1053,903,843,775,729,658,517,498,430,394,332,274,1099,25362
E07000195,Newcastle-under-Lyme,Non-metropolitan District,1402,1465,1423,1305,1401,1447,1456,1599,1610,1164,1244,1232,1052,940,901,788,792,779,757,626,550,536,466,434,320,1258,26947
E07000196,South Staffordshire,Non-metropolitan District,1399,1435,1469,1249,1410,1500,1478,1596,1671,1209,1296,1311,1226,1109,951,959,899,811,753,665,596,523,388,394,302,1211,27810
E07000197,Stafford,Non-metropolitan District,1579,1548,1597,1596,1641,1600,1729,1722,1884,1455,1427,1469,1387,1167,1017,996,1011,903,808,730,616,569,485,418,382,1414,31150
E07000198,Staffordshire Moorlands,Non-metropolitan District,1224,1285,1298,1296,1262,1426,1382,1558,1592,1205,1160,1161,1032,957,846,768,761,715,642,579,497,445,314,341,289,1015,25050
E07000199,Tamworth,Non-metropolitan District,866,902,856,793,833,833,851,890,901,726,674,718,628,509,433,449,442,362,350,320,245,216,229,167,142,508,14843
E07000218,North Warwickshire,Non-metropolitan District,713,808,742,721,777,731,799,858,863,682,692,687,579,539,417,460,414,375,365,324,270,236,204,207,173,650,14286
E07000219,Nuneaton and Bedworth,Non-metropolitan District,1409,1375,1417,1343,1316,1482,1362,1394,1536,1157,1270,1193,1045,849,806,751,731,759,646,528,445,433,377,339,317,890,25170
E07000220,Rugby,Non-metropolitan District,1049,1062,1010,1036,1002,1000,1103,1104,1227,967,1033,1036,939,740,695,632,683,605,585,538,429,385,291,307,300,1126,20884
E07000221,Stratford-on-Avon,Non-metropolitan District,1607,1638,1597,1653,1651,1601,1737,1835,2010,1753,1652,1638,1432,1216,1028,1030,990,1041,963,809,744,631,525,520,475,1844,33620
E07000222,Warwick,Non-metropolitan District,1375,1346,1361,1332,1360,1396,1455,1450,1554,1257,1255,1217,1160,970,823,866,840,763,747,708,624,495,503,432,397,1589,27275
E07000234,Bromsgrove,Non-metropolitan District,1172,1206,1180,1074,1117,1202,1175,1184,1263,1073,1035,1086,914,782,721,684,721,667,638,515,519,488,374,386,303,1369,22848
E07000235,Malvern Hills,Non-metropolitan District,1078,1116,1171,1108,1124,1141,1224,1249,1328,1047,976,1084,878,831,669,715,698,602,613,521,513,409,406,363,288,1255,22407
E07000236,Redditch,Non-metropolitan District,939,985,997,954,968,933,1002,936,915,807,721,725,606,522,419,437,417,340,393,305,242,237,176,196,193,641,16006
E07000237,Worcester,Non-metropolitan District,976,967,979,949,936,914,940,984,1051,773,796,721,709,643,556,554,481,488,496,405,357,341,308,282,249,831,17686
E07000238,Wychavon,Non-metropolitan District,1709,1808,1742,1655,1719,1794,1810,1892,2053,1554,1521,1529,1323,1160,1026,1030,1006,923,801,698,668,571,524,491,442,1793,33242
E07000239,Wyre Forest,Non-metropolitan District,1177,1311,1254,1260,1307,1310,1506,1468,1609,1203,1280,1268,1109,926,800,721,751,743,634,564,467,465,387,347,250,1133,25250
E07000008,Cambridge,Non-metropolitan District,986,973,841,895,854,842,856,784,872,682,690,660,564,558,508,495,481,486,451,387,403,348,339,280,260,1153,16648
E07000009,East Cambridgeshire,Non-metropolitan District,1001,1009,959,1002,931,986,1016,1055,1193,889,874,814,732,603,571,597,481,512,474,434,423,345,312,259,229,955,18656
E07000010,Fenland,Non-metropolitan District,1261,1278,1300,1239,1202,1214,1265,1393,1427,1141,1052,1018,959,811,691,691,715,624,620,531,509,435,370,359,354,1298,23757
E07000011,Huntingdonshire,Non-metropolitan District,1981,1926,1885,1895,1933,1923,2093,2146,2353,1792,1696,1628,1482,1332,1087,1083,1068,1008,897,766,671,663,515,526,415,1712,36476
E07000012,South Cambridgeshire,Non-metropolitan District,1601,1652,1625,1633,1598,1642,1682,1764,2008,1524,1496,1341,1320,1114,883,1000,953,897,816,735,696,575,540,528,433,1729,31785
E07000066,Basildon,Non-metropolitan District,1761,1746,1583,1678,1657,1655,1715,1825,2085,1562,1390,1359,1273,1081,946,1021,943,942,882,782,713,664,549,464,435,1536,32247
E07000067,Braintree,Non-metropolitan District,1705,1764,1666,1600,1692,1597,1757,1909,2108,1487,1403,1434,1292,1045,905,932,879,796,753,682,652,496,472,468,407,1595,31496
E07000068,Brentwood,Non-metropolitan District,804,747,735,706,743,740,736,863,992,703,713,649,626,511,422,469,485,475,464,437,378,360,288,309,276,1010,15641
E07000069,Castle Point,Non-metropolitan District,1081,1119,1115,1123,1119,1171,1237,1409,1609,1176,1111,1042,1035,843,780,711,753,664,614,621,443,429,395,306,286,901,23093
E07000070,Chelmsford,Non-metropolitan District,1829,1736,1768,1683,1773,1697,1841,2034,2307,1727,1541,1513,1341,1214,1003,1006,1040,989,967,891,787,680,568,571,510,1713,34729
E07000071,Colchester,Non-metropolitan District,1748,1751,1829,1745,1740,1807,1912,2112,2167,1596,1547,1508,1357,1198,996,1058,1009,959,837,765,699,636,595,515,445,1525,34056
E07000072,Epping Forest,Non-metropolitan District,1367,1352,1289,1276,1243,1284,1293,1362,1628,1187,1213,1124,1077,920,754,733,843,771,701,615,580,506,467,453,382,1502,25922
E07000073,Harlow,Non-metropolitan District,813,780,776,699,668,702,633,730,750,555,549,515,520,453,380,415,428,392,335,324,309,313,244,211,210,712,13416
E07000074,Maldon,Non-metropolitan District,831,886,899,876,833,884,956,1012,1093,846,799,780,656,545,485,506,522,429,414,419,286,269,267,232,194,725,16644
E07000075,Rochford,Non-metropolitan District,953,1006,1099,924,989,1004,1077,1211,1419,1004,941,900,831,751,593,658,636,600,568,513,452,387,368,348,245,900,20377
E07000076,Tendring,Non-metropolitan District,2037,2103,2216,2117,2098,2251,2451,2530,3047,2181,2036,2133,1871,1590,1359,1421,1379,1222,1155,990,1011,809,739,604,519,2182,44051
E07000077,Uttlesford,Non-metropolitan District,972,983,967,911,914,950,1008,1037,1101,865,804,859,703,633,530,572,513,494,412,404,399,404,275,264,253,1013,18240
E07000095,Broxbourne,Non-metropolitan District,876,851,866,812,827,805,835,979,1089,817,808,733,690,605,588,541,607,574,493,464,427,358,288,319,248,863,17363
E07000096,Dacorum,Non-metropolitan District,1587,1502,1522,1378,1386,1333,1419,1458,1595,1208,1147,1158,1052,863,759,773,836,710,760,627,592,533,482,514,401,1555,27150
E07000242,East Hertfordshire,Non-metropolitan District,1528,1498,1481,1316,1407,1418,1506,1543,1797,1199,1214,1179,1108,932,782,861,838,804,683,708,602,564,504,444,364,1399,27679
E07000098,Hertsmere,Non-metropolitan District,1053,1019,912,910,942,932,1056,1007,1144,937,821,840,799,610,543,625,584,585,520,489,459,445,362,316,284,1158,19352
E07000099,North Hertfordshire,Non-metropolitan District,1324,1337,1318,1227,1246,1380,1356,1366,1517,1135,1111,1103,1049,920,756,810,756,769,754,639,666,555,496,467,384,1415,25856
E07000240,St Albans,Non-metropolitan District,1290,1353,1348,1213,1222,1329,1229,1348,1481,1226,1076,1110,982,822,735,806,833,761,738,651,533,566,532,458,394,1584,25620
E07000243,Stevenage,Non-metropolitan District,831,768,721,701,673,689,648,724,791,588,571,517,521,465,382,441,404,387,390,356,361,327,202,240,220,752,13670
E07000102,Three Rivers,Non-metropolitan District,987,960,800,875,885,866,841,934,1026,736,788,737,656,591,468,536,489,490,488,434,412,351,353,277,261,981,17222
E07000103,Watford,Non-metropolitan District,734,793,641,662,682,651,646,647,708,547,564,497,538,399,375,388,410,357,391,315,285,276,229,232,184,707,12858
E07000241,Welwyn Hatfield,Non-metropolitan District,1003,1020,927,963,927,914,898,960,1096,815,758,809,730,622,573,617,577,531,581,498,500,424,393,343,348,1312,19139
E07000143,Breckland,Non-metropolitan District,1714,1792,1788,1802,1790,1826,1899,2086,2268,1776,1655,1604,1426,1251,1089,1093,1019,1049,973,840,765,679,561,560,462,1976,35743
E07000144,Broadland,Non-metropolitan District,1584,1681,1645,1568,1674,1764,1788,1962,2230,1599,1600,1543,1362,1169,1115,1055,1079,1025,969,833,775,670,603,560,495,1745,34093
E07000145,Great Yarmouth,Non-metropolitan District,1288,1262,1284,1257,1244,1291,1295,1438,1570,1225,1107,1111,1046,884,783,751,685,673,576,527,486,412,392,379,324,1262,24552
E07000146,King's Lynn and West Norfolk,Non-metropolitan District,1929,2002,1988,2060,1959,2061,2162,2313,2587,1905,1826,1771,1729,1542,1201,1304,1222,1158,1013,985,859,721,710,588,504,1828,39927
E07000147,North Norfolk,Non-metropolitan District,1675,1701,1715,1727,1793,1888,1846,1954,2314,1761,1540,1571,1454,1254,1051,1033,991,1026,959,871,807,689,634,555,507,1934,35250
E07000148,Norwich,Non-metropolitan District,1172,1130,1076,1127,1111,1061,1064,1173,1294,902,912,898,826,708,695,674,641,601,543,502,464,412,388,335,315,1345,21369
E07000149,South Norfolk,Non-metropolitan District,1707,1709,1760,1649,1690,1758,1779,1985,2257,1648,1618,1606,1435,1220,1052,1030,1075,942,948,829,730,686,580,558,421,1737,34409
E07000200,Babergh,Non-metropolitan District,1190,1182,1237,1170,1239,1327,1281,1469,1545,1219,1148,1111,993,913,768,760,752,642,651,536,559,444,393,352,348,1320,24549
E07000244,East Suffolk,Non-metropolitan District,3233,3454,3487,3411,3451,3524,3734,3964,4607,3329,3111,3137,2807,2529,1978,2168,2030,2003,1810,1653,1522,1402,1223,1081,939,3780,69367
E07000202,Ipswich,Non-metropolitan District,1316,1349,1296,1233,1263,1199,1186,1239,1321,1001,1010,885,814,771,664,668,686,699,594,558,556,435,401,376,297,1362,23179
E07000203,Mid Suffolk,Non-metropolitan District,1402,1468,1322,1421,1338,1402,1485,1541,1689,1226,1144,1177,1021,950,807,784,756,696,630,552,531,439,419,333,321,1185,26039
E07000245,West Suffolk,Non-metropolitan District,1820,1923,1945,1803,1884,1925,2042,2222,2444,1850,1718,1698,1535,1347,1234,1151,1201,1129,985,933,814,727,611,609,543,2271,38364
E07000061,Eastbourne,Non-metropolitan District,1111,1231,1175,1171,1254,1275,1330,1460,1596,1286,1126,1078,950,932,792,749,784,825,764,687,598,577,506,483,457,1965,26162
E07000062,Hastings,Non-metropolitan District,1039,1144,1055,1005,1007,981,1110,1193,1226,869,852,800,684,638,481,532,495,481,444,390,383,314,288,218,253,1237,19119
E07000063,Lewes,Non-metropolitan District,1314,1317,1272,1344,1330,1358,1426,1477,1652,1261,1166,1168,1074,912,798,832,849,786,674,655,605,534,484,463,378,1752,26881
E07000064,Rother,Non-metropolitan District,1440,1451,1464,1424,1510,1676,1548,1783,2143,1525,1408,1424,1298,1123,962,948,942,881,814,792,692,559,525,504,472,1938,31246
E07000065,Wealden,Non-metropolitan District,2089,2096,2177,2060,2076,2136,2259,2533,2755,2062,1980,1972,1828,1541,1201,1315,1279,1188,1107,967,910,812,736,672,605,2324,42680
E07000084,Basingstoke and Deane,Non-metropolitan District,1692,1751,1698,1645,1606,1650,1761,1818,2024,1534,1411,1394,1255,1084,978,981,916,896,743,700,614,524,503,447,354,1341,31320
E07000085,East Hampshire,Non-metropolitan District,1468,1451,1373,1437,1389,1466,1573,1663,1822,1466,1265,1319,1166,1089,889,920,881,834,769,750,608,599,553,471,412,1667,29300
E07000086,Eastleigh,Non-metropolitan District,1426,1438,1432,1379,1312,1373,1481,1513,1574,1200,1173,1155,1022,911,803,872,794,798,700,644,554,521,440,371,394,1484,26764
E07000087,Fareham,Non-metropolitan District,1340,1262,1330,1305,1348,1337,1490,1501,1774,1352,1270,1278,1153,998,863,894,884,807,744,722,626,624,501,501,401,1522,27827
E07000088,Gosport,Non-metropolitan District,919,910,896,896,909,908,1006,1006,1130,847,839,746,658,561,457,518,481,489,466,403,376,316,331,294,256,837,17455
E07000089,Hart,Non-metropolitan District,942,979,914,879,951,990,1020,1130,1222,954,899,920,816,707,654,661,651,563,529,504,384,393,307,286,230,1059,19544
E07000090,Havant,Non-metropolitan District,1557,1525,1512,1399,1396,1508,1532,1640,1830,1456,1441,1259,1235,969,897,988,976,873,860,671,726,588,565,484,443,1649,29979
E07000091,New Forest,Non-metropolitan District,2373,2529,2578,2461,2534,2610,2675,2886,3351,2434,2419,2362,2141,1884,1627,1698,1540,1579,1453,1384,1239,1111,1038,868,889,3507,53170
E07000092,Rushmoor,Non-metropolitan District,836,776,813,695,775,679,798,800,926,623,632,598,574,483,475,434,435,391,376,308,282,269,203,164,162,717,14224
E07000093,Test Valley,Non-metropolitan District,1487,1360,1389,1342,1378,1505,1444,1546,1798,1358,1294,1266,1186,1037,795,794,860,769,748,681,663,525,452,458,344,1399,27878
E07000094,Winchester,Non-metropolitan District,1380,1295,1277,1292,1377,1343,1399,1479,1620,1303,1236,1165,1068,897,872,882,817,781,737,654,598,522,524,467,430,1684,27099
E07000105,Ashford,Non-metropolitan District,1383,1285,1293,1359,1293,1370,1438,1560,1691,1248,1232,1171,1121,890,768,844,754,669,624,537,535,451,370,381,335,1171,25773
E07000106,Canterbury,Non-metropolitan District,1753,1723,1727,1679,1754,1795,1891,1942,2216,1699,1519,1508,1343,1228,1054,1067,1097,937,858,827,702,638,601,533,465,2069,34625
E07000107,Dartford,Non-metropolitan District,883,876,842,832,771,845,774,920,903,758,630,678,593,540,515,484,442,455,455,382,341,329,311,260,228,818,15865
E07000108,Dover,Non-metropolitan District,1549,1572,1520,1424,1482,1451,1608,1727,1852,1368,1295,1233,1072,1013,817,809,787,750,695,630,555,452,448,395,319,1378,28201
E07000112,Folkestone and Hythe,Non-metropolitan District,1353,1434,1464,1440,1460,1499,1577,1709,1932,1442,1262,1275,1081,964,806,895,823,691,735,604,574,479,447,372,373,1607,28298
E07000109,Gravesham,Non-metropolitan District,1017,1001,1001,893,994,873,975,1001,1129,876,795,770,786,643,562,613,601,558,494,450,452,402,323,297,237,860,18603
E07000110,Maidstone,Non-metropolitan District,1766,1667,1656,1694,1659,1729,1784,1942,2203,1662,1422,1462,1343,1171,1005,1010,1044,945,896,838,699,646,590,541,455,1566,33395
E07000111,Sevenoaks,Non-metropolitan District,1277,1312,1393,1246,1342,1349,1367,1482,1635,1282,1153,1167,1065,882,786,787,833,700,716,652,577,521,475,427,409,1441,26276
E07000113,Swale,Non-metropolitan District,1607,1605,1529,1452,1581,1658,1670,1753,1969,1373,1453,1333,1143,981,892,937,839,777,660,631,545,435,415,379,334,1159,29110
E07000114,Thanet,Non-metropolitan District,1802,1839,1768,1751,1800,1813,1823,2029,2207,1655,1537,1525,1380,1191,1036,1046,975,916,833,768,685,589,537,470,461,1596,34032
E07000115,Tonbridge and Malling,Non-metropolitan District,1299,1278,1296,1290,1144,1286,1290,1479,1624,1200,1098,1200,1064,936,782,788,803,722,682,628,558,497,438,345,292,1168,25187
E07000116,Tunbridge Wells,Non-metropolitan District,1204,1242,1101,1028,1114,1226,1272,1261,1367,1060,1048,1030,935,813,687,728,700,666,563,535,491,486,475,379,378,1621,23410
E07000177,Cherwell,Non-metropolitan District,1599,1412,1486,1407,1469,1507,1545,1598,1625,1205,1244,1182,1170,1007,819,861,866,790,748,689,628,524,445,409,412,1411,28058
E07000178,Oxford,Non-metropolitan District,1032,1074,1025,989,986,1038,982,987,1027,825,837,751,758,671,559,601,589,492,519,479,399,383,360,351,249,1189,19152
E07000179,South Oxfordshire,Non-metropolitan District,1556,1540,1473,1443,1462,1457,1584,1701,1766,1482,1409,1423,1300,1099,986,989,990,965,820,743,703,610,540,470,406,1544,30461
E07000180,Vale of White Horse,Non-metropolitan District,1401,1463,1402,1316,1444,1439,1468,1559,1732,1222,1288,1261,1064,997,902,867,827,784,757,742,628,513,485,443,371,1536,27911
E07000181,West Oxfordshire,Non-metropolitan District,1281,1226,1253,1124,1288,1308,1267,1416,1382,1134,1175,1132,1013,813,769,768,784,637,631,595,548,497,430,434,353,1349,24607
E07000207,Elmbridge,Non-metropolitan District,1296,1251,1321,1262,1260,1221,1284,1377,1449,1185,1063,1055,1001,824,772,741,804,744,712,648,607,557,466,442,427,1816,25585
E07000208,Epsom and Ewell,Non-metropolitan District,780,683,785,712,788,744,802,811,929,701,606,639,632,513,490,467,459,413,418,347,347,272,254,256,227,768,14843
E07000209,Guildford,Non-metropolitan District,1408,1288,1250,1225,1232,1273,1371,1374,1523,1180,1052,1105,944,835,769,801,779,706,685,616,570,491,458,440,372,1422,25169
E07000210,Mole Valley,Non-metropolitan District,1071,1013,1030,1023,891,1017,980,1110,1253,1004,951,916,877,723,592,659,675,630,594,508,506,437,403,419,333,1267,20882
E07000211,Reigate and Banstead,Non-metropolitan District,1435,1388,1331,1357,1371,1381,1391,1542,1624,1253,1168,1132,1046,927,789,820,813,773,702,641,604,539,533,515,423,1798,27296
E07000212,Runnymede,Non-metropolitan District,781,804,745,738,677,732,765,831,892,712,636,647,627,543,438,489,463,431,402,413,398,360,310,254,252,934,15274
E07000213,Spelthorne,Non-metropolitan District,989,945,930,888,911,909,947,960,1096,847,826,798,754,666,603,650,590,568,557,567,413,372,352,319,275,970,18702
E07000214,Surrey Heath,Non-metropolitan District,950,851,870,843,796,845,874,953,1095,805,768,807,792,632,543,578,574,500,487,512,398,424,373,307,268,941,17786
E07000215,Tandridge,Non-metropolitan District,947,945,950,873,855,904,956,1088,1097,891,802,843,732,641,530,604,547,514,470,449,367,413,327,286,253,1223,18507
E07000216,Waverley,Non-metropolitan District,1297,1352,1271,1265,1297,1340,1447,1461,1579,1309,1284,1316,1237,999,857,854,915,854,792,756,702,610,578,528,465,1930,28295
E07000217,Woking,Non-metropolitan District,980,905,946,886,904,908,919,924,943,781,725,721,652,607,529,543,495,503,481,457,369,356,332,296,304,1095,17561
E07000223,Adur,Non-metropolitan District,745,694,773,711,758,722,842,865,943,687,684,674,674,526,448,523,491,478,413,400,365,288,261,250,209,762,15186
E07000224,Arun,Non-metropolitan District,2151,2147,2071,2276,2162,2369,2529,2674,2949,2271,2199,2060,2055,1631,1435,1562,1489,1424,1304,1179,1071,950,781,780,684,2695,46898
E07000225,Chichester,Non-metropolitan District,1653,1655,1659,1497,1598,1613,1767,1837,2038,1547,1527,1525,1359,1272,1068,1109,1032,966,925,800,764,749,637,603,450,1984,33634
E07000226,Crawley,Non-metropolitan District,1005,973,885,833,831,841,838,826,906,656,625,562,526,451,436,422,420,409,369,333,307,327,285,271,260,902,15499
E07000227,Horsham,Non-metropolitan District,1697,1728,1706,1674,1677,1712,1725,1787,2048,1603,1480,1440,1439,1156,1017,1058,1000,960,863,810,753,651,557,511,474,1801,33327
E07000228,Mid Sussex,Non-metropolitan District,1652,1648,1537,1560,1538,1562,1560,1753,1952,1495,1449,1429,1299,1100,844,922,920,875,741,777,702,602,599,502,530,1731,31279
E07000229,Worthing,Non-metropolitan District,1196,1204,1192,1129,1178,1225,1306,1409,1558,1245,1086,1073,1015,830,773,776,772,768,728,623,592,518,457,413,442,1637,25145
E07000040,East Devon,Non-metropolitan District,2066,2138,2156,2123,2148,2258,2365,2543,2691,2146,2096,2030,1880,1637,1418,1436,1334,1338,1230,1134,1001,888,817,772,755,2704,45104
E07000041,Exeter,Non-metropolitan District,1095,1112,1037,1067,1045,1107,1108,1100,1251,945,922,859,824,719,747,650,657,601,606,492,453,439,368,344,304,1451,21303
E07000042,Mid Devon,Non-metropolitan District,1065,1039,1086,1062,1044,1082,1090,1156,1194,930,856,885,797,699,605,592,528,518,510,429,386,333,307,301,256,1010,19760
E07000043,North Devon,Non-metropolitan District,1283,1266,1237,1214,1291,1249,1354,1479,1585,1180,1193,1099,1076,932,815,746,727,675,659,608,541,413,421,400,311,1367,25121
E07000044,South Hams,Non-metropolitan District,1359,1244,1389,1330,1349,1393,1334,1508,1589,1281,1205,1114,1024,853,728,732,723,645,606,565,519,454,404,373,263,1136,25120
E07000045,Teignbridge,Non-metropolitan District,1871,2006,1994,1790,1825,1916,1930,2098,2330,1745,1647,1578,1491,1300,1019,1060,1024,936,900,786,697,672,568,553,512,2015,36263
E07000046,Torridge,Non-metropolitan District,1004,1099,1050,1031,1094,1103,1078,1099,1244,892,862,880,725,710,589,550,491,527,437,384,386,353,294,251,243,874,19250
E07000047,West Devon,Non-metropolitan District,824,836,810,842,799,841,875,943,994,822,752,761,636,546,475,469,452,422,405,309,335,270,288,227,188,794,15915
E07000078,Cheltenham,Non-metropolitan District,1157,1170,1167,1216,1088,1158,1199,1238,1336,1038,984,975,870,835,772,686,746,657,642,597,559,450,447,419,327,1385,23118
E07000079,Cotswold,Non-metropolitan District,1259,1240,1273,1237,1126,1212,1289,1325,1441,1062,1025,1132,981,831,687,720,737,647,601,588,498,478,444,342,289,1194,23658
E07000080,Forest of Dean,Non-metropolitan District,1190,1198,1217,1178,1161,1186,1224,1308,1297,996,973,1017,918,778,643,656,656,554,538,446,438,388,311,286,221,917,21695
E07000081,Gloucester,Non-metropolitan District,1285,1237,1182,1146,1117,1169,1194,1215,1273,996,989,968,932,829,670,664,672,597,560,509,454,412,371,323,282,1080,22126
E07000082,Stroud,Non-metropolitan District,1502,1531,1399,1456,1514,1520,1521,1571,1691,1308,1198,1197,1165,970,833,864,817,732,723,583,623,516,453,424,334,1042,27487
E07000083,Tewkesbury,Non-metropolitan District,1083,1091,1186,1129,1103,1124,1102,1169,1358,965,959,937,887,752,697,685,657,645,563,478,437,384,353,300,252,1040,21336
E07000187,Mendip,Non-metropolitan District,1486,1511,1524,1432,1471,1510,1502,1617,1657,1320,1211,1211,1097,970,828,829,760,759,692,647,552,492,465,383,381,1458,27765
E07000188,Sedgemoor,Non-metropolitan District,1539,1621,1581,1558,1563,1528,1725,1689,1797,1355,1391,1272,1197,1090,875,953,873,787,773,606,571,523,471,436,379,1585,29738
E07000246,Somerset West and Taunton,Non-metropolitan District,2005,2116,2059,2172,2118,2090,2134,2197,2408,1854,1806,1745,1673,1441,1241,1170,1173,1102,1047,990,862,842,712,622,560,2541,40680
E07000189,South Somerset,Non-metropolitan District,2168,2250,2259,2305,2365,2375,2368,2535,2671,2033,1994,1894,1867,1595,1327,1398,1258,1217,1091,969,878,806,685,622,550,2306,43786
E06000047,County Durham,Unitary Authority,6446,6207,6299,5985,6115,6177,6309,6374,7034,5250,5161,4953,4261,3806,3488,3429,3297,3094,2926,2405,2251,1919,1623,1373,1280,4120,111582
E06000005,Darlington,Unitary Authority,1175,1173,1193,1130,1147,1147,1217,1226,1359,1043,997,930,785,736,684,708,745,659,568,546,523,400,406,337,266,1031,22131
E06000001,Hartlepool,Unitary Authority,1108,976,1065,1049,974,1034,1045,1052,1082,838,770,684,601,601,498,562,525,554,513,428,421,336,329,274,204,848,18371
E06000002,Middlesbrough,Unitary Authority,1487,1390,1405,1249,1241,1249,1206,1290,1339,1023,955,902,868,796,725,708,675,712,613,566,516,434,391,286,304,884,23214
E06000057,Northumberland,Unitary Authority,4522,4596,4442,4427,4503,4517,4598,4902,5069,3772,3693,3513,3117,2671,2492,2426,2308,2114,2021,1769,1661,1392,1227,1110,946,3560,81368
E06000003,Redcar and Cleveland,Unitary Authority,1614,1715,1662,1594,1602,1630,1734,1732,1937,1556,1444,1373,1162,1173,1023,1029,1002,897,852,720,650,542,482,430,368,1365,31288
E06000004,Stockton-on-Tees,Unitary Authority,2130,2196,2135,2055,1982,1998,1989,2093,2237,1672,1523,1533,1311,1234,1131,1109,1111,1026,924,848,780,632,609,604,496,1590,36948
E06000008,Blackburn with Darwen,Unitary Authority,1457,1292,1378,1258,1194,1288,1252,1291,1405,998,878,874,824,733,614,656,671,615,519,483,388,358,338,268,227,727,21986
E06000009,Blackpool,Unitary Authority,1565,1457,1443,1433,1507,1434,1585,1603,1754,1393,1271,1194,1171,977,971,912,872,810,772,702,588,501,460,438,327,1293,28433
E06000049,Cheshire East,Unitary Authority,4554,4446,4493,4391,4665,4686,4813,5185,5613,4045,4046,4083,3599,3124,2808,2819,2664,2576,2288,2138,1916,1635,1412,1292,1209,4648,89148
E06000050,Cheshire West and Chester,Unitary Authority,3863,4006,3955,3782,3952,4011,4047,4400,4623,3507,3401,3204,2953,2605,2457,2406,2206,2137,1968,1758,1540,1290,1186,1070,997,3591,74915
E06000006,Halton,Unitary Authority,1505,1510,1433,1470,1535,1434,1462,1492,1582,1075,903,980,857,814,668,667,627,586,536,470,491,381,346,272,217,792,24105
E06000007,Warrington,Unitary Authority,2214,2188,2143,2051,2041,2116,2096,2229,2558,1884,1838,1819,1585,1536,1291,1360,1324,1151,1016,937,821,723,619,489,442,1581,40052
E06000011,East Riding of Yorkshire,Unitary Authority,4725,4731,4629,4654,4784,5045,5013,5376,6052,4386,4020,3850,3594,3075,2753,2852,2743,2610,2452,2109,1887,1679,1464,1277,1107,3764,90631
E06000010,"Kingston upon Hull, City of",Unitary Authority,2341,2398,2383,2255,2231,2086,2207,2392,2472,1777,1567,1500,1472,1213,1135,1189,1186,1067,1043,920,816,694,605,551,448,1489,39437
E06000012,North East Lincolnshire,Unitary Authority,1816,1841,1748,1731,1717,1697,1738,1848,2071,1519,1416,1370,1250,1105,1078,1061,998,962,938,765,792,669,575,491,445,1617,33258
E06000013,North Lincolnshire,Unitary Authority,2122,2046,2125,2024,2018,2118,2060,2118,2258,1670,1697,1557,1430,1310,1122,1139,1070,979,899,876,761,644,592,503,455,1701,37294
E06000014,York,Unitary Authority,2019,1984,1963,1862,1935,1968,2028,2169,2354,1842,1761,1618,1528,1303,1139,1256,1210,1173,1103,1055,904,777,656,588,548,2131,38874
E06000015,Derby,Unitary Authority,2169,2269,2182,2142,2063,2149,2185,2320,2433,1822,1894,1846,1607,1438,1261,1374,1318,1361,1068,1087,1014,909,809,661,608,2372,42361
E06000016,Leicester,Unitary Authority,2903,2896,2720,2643,2462,2439,2323,2332,2183,1770,1613,1604,1599,1243,1215,1285,1211,1141,1115,975,900,813,745,629,570,2273,43602
E06000061,North Northamptonshire,Unitary Authority,3698,3792,3645,3550,3685,3615,3796,3916,4189,3204,3015,2866,2534,2276,1906,1859,1839,1696,1473,1400,1193,1085,972,847,688,2868,65607
E06000018,Nottingham,Unitary Authority,2516,2502,2316,2089,2127,2135,2035,2062,2268,1624,1497,1551,1384,1206,1117,1137,1108,1123,988,882,870,736,618,643,511,2080,39125
E06000017,Rutland,Unitary Authority,475,496,506,533,525,557,558,592,646,493,452,468,450,373,353,274,321,320,238,265,250,175,182,134,140,569,10345
E06000062,West Northamptonshire ,Unitary Authority,4078,4105,3962,3978,3945,4067,4147,4466,4681,3443,3244,3282,2700,2499,2147,2026,2027,1886,1668,1543,1360,1261,1070,1019,818,3187,72609
E06000019,"Herefordshire, County of",Unitary Authority,2564,2652,2642,2491,2495,2490,2736,2648,2852,2278,2166,2195,1902,1734,1515,1492,1458,1284,1295,1106,1073,930,801,685,605,2369,48458
E06000051,Shropshire,Unitary Authority,4287,4342,4249,4196,4150,4192,4381,4647,4706,3949,3702,3804,3329,2887,2571,2567,2400,2230,2146,1818,1667,1490,1323,1189,1002,3992,81216
E06000021,Stoke-on-Trent,Unitary Authority,2612,2648,2493,2392,2251,2435,2544,2506,2764,2016,2014,1858,1908,1540,1398,1422,1223,1256,1124,1041,847,739,681,594,478,1630,44414
E06000020,Telford and Wrekin,Unitary Authority,1930,1916,1790,1874,1719,1805,1844,1736,1932,1474,1375,1392,1286,1166,1001,960,911,848,778,638,599,506,431,381,324,1123,31739
E06000055,Bedford,Unitary Authority,1764,1713,1639,1626,1587,1655,1695,1847,1789,1422,1311,1366,1202,1008,903,914,899,886,820,739,752,605,547,494,464,1775,31422
E06000056,Central Bedfordshire,Unitary Authority,2992,2960,2879,2706,2796,2823,2890,3027,3408,2441,2354,2436,2184,1764,1509,1517,1485,1411,1296,1282,1133,940,765,708,669,2257,52632
E06000032,Luton,Unitary Authority,1575,1560,1512,1497,1386,1352,1349,1345,1370,1094,1130,994,953,911,800,913,837,854,831,766,661,568,492,457,370,1395,26972
E06000031,Peterborough,Unitary Authority,1789,1775,1696,1722,1627,1625,1592,1627,1774,1426,1233,1256,1110,961,892,947,893,776,779,764,671,577,520,493,434,1534,30493
E06000033,Southend-on-Sea,Unitary Authority,1806,1885,1843,1804,1724,1815,1870,2073,2115,1654,1606,1550,1377,1243,992,1109,1077,1040,874,854,800,710,643,557,507,2133,35661
E06000034,Thurrock,Unitary Authority,1450,1465,1440,1313,1341,1372,1340,1423,1610,1145,1025,960,923,808,670,712,680,591,597,490,447,410,343,334,276,933,24098
E06000036,Bracknell Forest,Unitary Authority,1191,1082,1087,1025,1074,959,959,1060,1105,887,847,757,672,565,498,548,519,537,447,436,393,341,286,253,195,893,18616
E06000043,Brighton and Hove,Unitary Authority,2272,2241,2058,1924,1998,1994,2045,2179,2286,1748,1571,1631,1514,1223,1151,1155,1091,1095,991,949,799,764,751,609,584,2394,39017
E06000060,Buckinghamshire,Unitary Authority,5626,5376,5417,5100,5006,5221,5424,5598,6085,4592,4560,4562,4186,3695,3172,3344,3232,3061,2855,2687,2408,2014,1909,1718,1445,5821,104114
E06000046,Isle of Wight,Unitary Authority,2070,2192,2070,2078,2036,2114,2244,2404,2629,2035,1927,1892,1705,1559,1161,1277,1159,1074,944,910,843,734,661,613,478,2049,40858
E06000035,Medway,Unitary Authority,2603,2634,2534,2426,2408,2420,2618,2707,2908,2149,2020,1975,1789,1572,1351,1341,1303,1228,1132,1003,875,742,656,598,492,1789,45273
E06000042,Milton Keynes,Unitary Authority,2497,2475,2435,2362,2304,2275,2233,2161,2341,1776,1533,1631,1407,1269,1114,1071,1117,929,906,788,616,578,568,462,467,1702,39017
E06000044,Portsmouth,Unitary Authority,1720,1601,1612,1548,1472,1600,1644,1733,1946,1451,1344,1223,1173,1085,913,924,908,881,774,757,671,612,472,507,405,1592,30568
E06000038,Reading,Unitary Authority,1212,1183,1117,1014,1034,996,1108,1092,1185,804,827,906,767,718,620,637,612,601,528,499,448,408,339,329,262,1089,20335
E06000039,Slough,Unitary Authority,1207,1056,949,961,932,905,801,759,777,583,565,542,528,500,475,502,427,369,368,343,320,289,249,211,218,721,15557
E06000045,Southampton,Unitary Authority,1942,1966,1932,1743,1781,1794,1793,1822,1947,1565,1561,1371,1322,1168,1015,1002,1005,915,804,812,672,599,584,541,520,1802,33978
E06000037,West Berkshire,Unitary Authority,1725,1703,1640,1680,1719,1621,1688,1824,1955,1490,1474,1354,1272,1092,950,934,876,844,747,674,599,505,466,443,392,1439,31106
E06000040,Windsor and Maidenhead,Unitary Authority,1418,1439,1397,1413,1336,1325,1469,1542,1667,1298,1271,1295,1186,972,833,888,897,848,801,731,689,566,532,478,405,1818,28514
E06000041,Wokingham,Unitary Authority,1659,1619,1499,1566,1477,1547,1546,1742,1866,1373,1333,1384,1220,1111,940,939,927,875,806,749,675,614,532,495,414,1663,30571
E06000022,Bath and North East Somerset,Unitary Authority,1834,1875,1881,1840,1823,1879,1935,1990,2159,1762,1696,1654,1459,1260,1165,1108,1133,1103,1033,959,817,739,651,597,550,2089,36991
E06000058,"Bournemouth, Christchurch and Poole",Unitary Authority,4086,4292,4136,4131,4243,4366,4366,4777,5397,3982,3869,3721,3452,2980,2498,2647,2654,2615,2399,2158,2040,1876,1727,1513,1441,5477,86843
E06000023,"Bristol, City of",Unitary Authority,3387,3434,3301,3142,3080,3136,3140,3291,3435,2562,2467,2387,2347,2016,1770,1869,1811,1658,1597,1419,1366,1163,1089,1072,834,3501,60274
E06000052,Cornwall,Unitary Authority,7486,7690,7643,7481,7651,7833,8248,8489,9390,7214,6820,6582,5968,5012,4271,4284,4067,3750,3584,3136,3004,2440,2291,1994,1794,6718,144840
E06000059,Dorset,Unitary Authority,5434,5522,5448,5460,5551,5950,5786,6457,7093,5439,5068,4990,4632,4103,3459,3431,3316,3266,2868,2583,2425,2113,1941,1768,1576,6086,111765
E06000053,Isles of Scilly,Unitary Authority,36,28,36,21,33,27,29,33,34,36,35,34,20,18,15,24,23,11,21,15,12,12,7,6,11,40,617
E06000024,North Somerset,Unitary Authority,2450,2494,2613,2437,2600,2612,2828,2914,3235,2547,2547,2410,2052,1909,1662,1622,1588,1465,1337,1248,1195,1004,914,879,679,2762,52003
E06000026,Plymouth,Unitary Authority,2536,2591,2462,2585,2435,2501,2624,2818,3028,2341,2224,2139,1992,1640,1501,1601,1486,1396,1213,1203,1075,944,834,724,635,2432,48960
E06000025,South Gloucestershire,Unitary Authority,2754,2797,2765,2566,2685,2760,2695,2939,3192,2425,2571,2585,2326,2029,1774,1776,1706,1595,1454,1398,1235,1083,1010,806,768,2715,54409
E06000030,Swindon,Unitary Authority,2243,2267,2130,1977,1954,1989,1891,2083,2219,1583,1625,1484,1388,1286,1058,1146,1071,988,888,840,750,674,606,503,526,1704,36873
E06000027,Torbay,Unitary Authority,1863,1819,1900,1791,1835,1827,2099,2055,2313,1771,1710,1764,1535,1337,1131,1119,1132,1017,956,895,773,757,663,572,514,1995,37143
E06000054,Wiltshire,Unitary Authority,5767,5862,5845,5645,5557,5644,5903,6360,6648,5136,5057,4912,4409,3958,3425,3441,3230,3034,2778,2572,2394,2033,1923,1657,1543,5625,110358
W06000001,Isle of Anglesey,Unitary Authority,958,1030,923,961,957,1006,1060,1082,1120,821,886,860,786,654,566,582,585,540,455,404,373,306,290,260,218,956,18639
W06000002,Gwynedd,Unitary Authority,1411,1467,1499,1448,1438,1466,1574,1595,1663,1366,1239,1284,1202,1033,853,871,848,755,748,626,611,586,521,455,440,1563,28562
W06000003,Conwy,Unitary Authority,1507,1747,1654,1567,1616,1643,1758,1908,1946,1459,1425,1341,1303,1238,1057,1002,1004,912,855,824,740,698,631,528,459,2116,32938
W06000004,Denbighshire,Unitary Authority,1280,1254,1235,1211,1259,1333,1401,1417,1451,1089,1024,1089,963,820,821,717,657,658,637,531,458,396,384,328,277,827,23517
W06000005,Flintshire,Unitary Authority,1748,1770,1772,1760,1886,1847,1903,2051,2201,1518,1520,1520,1346,1184,1074,1031,1012,916,840,682,628,526,452,463,341,1303,33294
W06000006,Wrexham,Unitary Authority,1503,1593,1546,1456,1484,1479,1573,1590,1702,1288,1231,1204,1141,1028,898,818,778,714,667,626,524,469,449,397,362,1229,27749
W06000023,Powys,Unitary Authority,1946,2033,2036,1897,1933,1988,2012,2066,2127,1686,1609,1736,1530,1321,1144,1151,1092,998,893,856,716,660,590,517,490,1774,36801
W06000008,Ceredigion,Unitary Authority,1036,967,962,946,1021,1014,1077,1071,1055,849,864,845,717,652,533,606,495,475,449,399,418,338,312,299,239,1029,18668
W06000009,Pembrokeshire,Unitary Authority,1751,1776,1809,1724,1757,1818,1726,1870,1961,1575,1507,1501,1298,1182,1079,1009,944,919,767,789,712,580,588,473,418,1636,33169
W06000010,Carmarthenshire,Unitary Authority,2617,2510,2485,2478,2345,2432,2492,2633,2680,2169,1977,1993,1870,1731,1440,1374,1316,1179,1174,999,955,821,746,656,518,2103,45693
W06000011,Swansea,Unitary Authority,2637,2651,2654,2531,2429,2564,2613,2765,2971,2133,2142,2060,1997,1743,1580,1534,1492,1415,1219,1217,1093,942,846,769,567,2394,48958
W06000012,Neath Port Talbot,Unitary Authority,1681,1753,1754,1753,1638,1644,1654,1739,1793,1356,1286,1325,1238,1067,950,918,862,828,755,668,605,515,468,392,362,1250,30254
W06000013,Bridgend,Unitary Authority,1644,1629,1669,1632,1642,1576,1692,1734,1805,1379,1328,1334,1248,1109,1065,947,948,839,789,665,621,529,454,434,342,1114,30168
W06000014,Vale of Glamorgan,Unitary Authority,1656,1626,1676,1493,1524,1444,1495,1689,1805,1288,1305,1296,1175,1045,900,882,877,811,715,616,528,538,443,394,354,1263,28838
W06000015,Cardiff,Unitary Authority,3114,3122,3028,2908,2841,2896,2759,2800,3028,2182,2166,2073,1919,1669,1575,1571,1534,1526,1345,1308,1140,1033,925,810,715,2820,52807
W06000016,Rhondda Cynon Taf,Unitary Authority,2545,2522,2605,2535,2511,2655,2648,2843,2916,2250,2168,1949,1841,1747,1564,1403,1329,1292,1091,1006,910,856,713,526,488,1842,46755
W06000024,Merthyr Tydfil,Unitary Authority,638,673,632,644,663,617,681,646,642,494,535,508,424,398,378,355,337,327,273,290,216,166,163,127,141,426,11394
W06000018,Caerphilly,Unitary Authority,1893,2067,2057,1896,1963,2113,2017,2151,2146,1669,1629,1528,1391,1339,1137,1115,1049,984,804,772,699,680,497,431,392,1253,35672
W06000019,Blaenau Gwent,Unitary Authority,723,813,763,756,770,758,851,785,893,658,644,621,613,570,452,454,413,373,353,337,268,204,241,165,139,560,14177
W06000020,Torfaen,Unitary Authority,1008,1105,1072,1052,1075,1051,1045,1085,1192,847,901,789,757,705,642,592,571,547,473,450,414,372,334,301,260,903,19543
W06000021,Monmouthshire,Unitary Authority,1266,1275,1213,1267,1285,1307,1299,1337,1457,1135,1102,1074,997,888,794,777,670,648,612,574,502,478,441,349,327,1266,24340
W06000022,Newport,Unitary Authority,1401,1477,1477,1359,1300,1434,1433,1557,1661,1198,1160,1097,1087,1010,870,862,827,729,732,685,553,515,406,355,336,1133,26654
K02000001,UNITED KINGDOM,Country,689198,687334,674764,651687,652398,660817,672642,702415,753009,575023,549939,540477,494925,435050,383368,386890,373288,350944,322102,292999,264997,231822,206428,185189,161430,609503,12508638
K03000001,GREAT BRITAIN,Country,670112,668622,656553,634282,635119,643686,655795,685799,736575,559989,535276,526259,481514,423192,372984,377171,363738,342324,313997,285821,258489,226198,201222,180762,157634,595576,12188689
K04000001,ENGLAND AND WALES,Country,607106,606768,596365,576571,577445,586144,597525,626322,673067,512956,491503,482469,440549,386545,339949,344349,332721,313223,287709,261753,236742,207218,184755,165926,145102,551827,11132609
E92000001,ENGLAND,Country,571143,569908,559844,541297,542108,550059,560762,587908,632852,482547,461855,453442,413706,362412,318577,323778,313081,294838,271063,246429,223058,195010,173861,156497,136917,521067,10464019
E12000001,NORTH EAST,Region,30802,30557,30112,28805,28903,29297,29715,30809,33023,24663,23451,22422,19734,17906,16386,16625,16170,15310,14109,12247,11364,9734,8646,7607,6658,22576,537631
E11000007,Tyne and Wear (Met County),Metropolitan County,12320,12304,11911,11316,11339,11545,11617,12140,12966,9509,8908,8534,7629,6889,6345,6654,6507,6254,5692,4965,4562,4079,3579,3193,2794,9178,212729
E08000037,Gateshead,Metropolitan District,2212,2136,2034,1951,2006,2152,2120,2281,2433,1723,1756,1668,1432,1320,1319,1321,1334,1235,1141,943,918,789,736,632,520,1791,39903
E08000021,Newcastle upon Tyne,Metropolitan District,2596,2534,2445,2317,2265,2421,2367,2405,2679,1887,1779,1683,1522,1372,1283,1346,1366,1253,1203,1058,1011,897,768,700,666,2331,44154
E08000022,North Tyneside,Metropolitan District,2466,2519,2463,2289,2292,2290,2300,2517,2628,1995,1798,1807,1538,1338,1161,1322,1216,1222,1050,968,906,787,708,622,511,1936,42649
E08000023,South Tyneside,Metropolitan District,1828,1862,1774,1621,1683,1690,1717,1763,1810,1420,1232,1203,1112,1003,905,926,919,894,869,705,627,579,511,447,378,1336,30814
E08000024,Sunderland,Metropolitan District,3218,3253,3195,3138,3093,2992,3113,3174,3416,2484,2343,2173,2025,1856,1677,1739,1672,1650,1429,1291,1100,1027,856,792,719,1784,55209
E12000002,NORTH WEST,Region,76407,76196,75518,72600,73550,74408,75600,79749,85644,62977,59784,59510,54499,48589,43784,43347,41425,39184,35307,32111,28595,24653,21660,19529,16974,62796,1384396
E10000006,Cumbria,County,6482,6564,6592,6310,6562,6601,6894,7153,7578,5639,5265,5441,4911,4379,3947,3875,3683,3624,3222,2844,2458,2122,2015,1812,1564,5885,123422
E11000001,Greater Manchester (Met County),Metropolitan County,25447,25305,25160,24089,23978,24745,24682,26248,28126,20304,19694,19391,17999,15954,14239,14130,13426,12691,11322,10154,9163,7696,6806,6199,5286,20174,452408
E08000001,Bolton,Metropolitan District,2779,2790,2745,2652,2592,2779,2801,2973,3145,2329,2194,2230,2056,1735,1670,1501,1575,1395,1227,1067,967,792,758,671,563,2070,50056
E08000002,Bury,Metropolitan District,1754,1863,1963,1793,1792,1875,1969,2056,2294,1647,1542,1612,1352,1225,1105,1125,1043,963,936,788,758,638,499,449,404,1609,35054
E08000003,Manchester,Metropolitan District,3480,3195,3175,3074,2973,2879,2793,2896,2844,2086,2001,2026,1710,1661,1679,1512,1427,1386,1285,1152,1026,894,744,730,541,2388,51557
E08000004,Oldham,Metropolitan District,2189,2190,2180,2085,1953,2093,2045,2294,2409,1672,1656,1747,1579,1387,1191,1236,1156,1066,987,808,717,650,555,471,464,1637,38417
E08000005,Rochdale,Metropolitan District,2191,2222,2193,2078,2016,2075,2020,2097,2313,1606,1621,1460,1405,1295,1097,1136,1038,958,873,775,728,575,581,497,426,1651,36927
E08000006,Salford,Metropolitan District,1979,2089,2005,1898,1955,2067,1967,2059,2323,1649,1545,1481,1439,1293,1178,1121,1113,1072,923,917,723,639,516,497,427,1750,36625
E08000007,Stockport,Metropolitan District,3142,3089,3057,2908,2971,3024,3068,3260,3603,2629,2559,2450,2356,2134,1819,1918,1786,1788,1569,1460,1353,1081,1131,973,821,2984,58933
E08000008,Tameside,Metropolitan District,2213,2196,2266,2160,2206,2195,2221,2439,2637,1837,1782,1746,1683,1431,1230,1252,1110,1186,958,888,782,627,559,518,411,1443,39976
E08000009,Trafford,Metropolitan District,2344,2167,2108,2049,2142,2168,2099,2311,2316,1779,1773,1759,1633,1353,1255,1325,1328,1190,1104,1053,946,849,730,639,619,2404,41443
E08000010,Wigan,Metropolitan District,3376,3504,3468,3392,3378,3590,3699,3863,4242,3070,3021,2880,2786,2440,2015,2004,1850,1687,1460,1246,1163,951,733,754,610,2238,63420
E10000017,Lancashire,County,13698,13680,13684,13142,13328,13678,14276,15005,16112,11941,11464,11188,10164,9153,8141,7949,7566,7012,6526,5898,5216,4645,3876,3523,3165,11607,255637
E11000002,Merseyside (Met County),Metropolitan County,15622,15748,15237,14674,14788,14415,14493,15143,16293,12191,11024,11336,10436,9314,8648,8573,8386,7982,7138,6727,6014,5302,4602,4166,3540,12498,274290
E08000011,Knowsley,Metropolitan District,1770,1703,1684,1440,1519,1438,1424,1393,1448,1106,1001,1008,885,825,755,812,760,761,682,646,563,476,423,408,328,1161,26419
E08000012,Liverpool,Metropolitan District,4531,4489,4314,4327,4123,4043,3933,4070,4275,3243,2767,2861,2709,2284,2261,2223,2273,2042,1873,1862,1615,1378,1233,1077,879,3114,73799
E08000014,Sefton,Metropolitan District,3498,3598,3343,3226,3284,3202,3254,3483,3874,2836,2593,2777,2545,2347,2177,2068,2014,2045,1896,1678,1544,1456,1244,1087,975,3419,65463
E08000013,St. Helens,Metropolitan District,1989,2062,1965,1946,2060,1969,2034,2198,2429,1809,1638,1691,1526,1356,1192,1149,1191,1119,974,863,780,645,569,488,399,1279,37320
E08000015,Wirral,Metropolitan District,3834,3896,3931,3735,3802,3763,3848,3999,4267,3197,3025,2999,2771,2502,2263,2321,2148,2015,1713,1678,1512,1347,1133,1106,959,3525,71289
E12000003,YORKSHIRE AND THE HUMBER,Region,57274,57871,56737,54526,55251,55394,56588,59617,64056,47725,46341,44616,40537,35215,31756,32598,31068,29781,27118,24853,22259,19475,16816,14755,13014,47073,1042314
E10000023,North Yorkshire,County,8136,8343,8108,7890,8051,8040,8466,8842,9612,7147,7185,6835,6111,5327,4694,4802,4749,4382,3849,3774,3348,2911,2521,2226,2094,7515,154958
E11000003,South Yorkshire (Met County),Metropolitan County,14212,14189,13912,13246,13439,13255,13581,14374,15078,11860,11954,11495,9975,8841,8133,8117,7748,7381,6565,6170,5470,4754,4167,3588,3161,11421,256086
E08000016,Barnsley,Metropolitan District,2736,2854,2747,2607,2625,2593,2679,2780,2911,2364,2322,2188,1963,1605,1578,1417,1373,1323,1158,1087,947,817,780,581,577,2048,48660
E08000017,Doncaster,Metropolitan District,3508,3429,3361,3277,3320,3134,3356,3436,3570,2720,2672,2621,2239,2043,1899,1871,1785,1646,1556,1454,1258,1078,985,896,666,2544,60324
E08000018,Rotherham,Metropolitan District,2875,2884,2832,2647,2796,2830,2730,2965,3152,2444,2661,2354,2064,1883,1673,1710,1614,1534,1298,1219,1042,928,776,666,633,2178,52388
E08000019,Sheffield,Metropolitan District,5093,5022,4972,4715,4698,4698,4816,5193,5445,4332,4299,4332,3709,3310,2983,3119,2976,2878,2553,2410,2223,1931,1626,1445,1285,4651,94714
E11000006,West Yorkshire (Met County),Metropolitan County,21903,22339,21869,20864,21076,21185,21495,22498,24159,17524,16741,16391,15177,13041,11702,12182,11364,11227,10269,9184,8281,7347,6236,5531,4756,17435,391776
E08000032,Bradford,Metropolitan District,5004,4968,4842,4642,4385,4459,4369,4644,4893,3383,3107,3163,2923,2554,2366,2538,2276,2346,2248,1916,1786,1635,1324,1222,1045,3776,81814
E08000033,Calderdale,Metropolitan District,2264,2351,2249,2118,2224,2236,2285,2425,2520,1860,1800,1774,1602,1335,1220,1187,1090,1048,988,874,759,656,599,528,487,1744,40223
E08000034,Kirklees,Metropolitan District,4338,4348,4311,4216,4379,4284,4367,4592,5019,3587,3514,3265,3123,2737,2347,2433,2308,2277,2013,1795,1544,1408,1182,1055,936,3616,78994
E08000035,Leeds,Metropolitan District,6540,6860,6691,6405,6579,6517,6729,7056,7637,5516,5262,5119,4822,4145,3684,3977,3713,3679,3407,3166,2906,2390,2075,1864,1608,5437,123784
E08000036,Wakefield,Metropolitan District,3757,3812,3776,3483,3509,3689,3745,3781,4090,3178,3058,3070,2707,2270,2085,2047,1977,1877,1613,1433,1286,1258,1056,862,680,2862,66961
E12000004,EAST MIDLANDS,Region,51710,52641,51858,50571,50722,51675,52375,55225,58794,44683,43263,43046,38308,32948,28763,28698,28150,26088,23637,21288,19314,16929,14955,13553,11667,43796,954657
E10000007,Derbyshire,County,9426,9792,9581,9289,9457,9558,9673,10329,11151,8476,8161,8335,7297,6238,5403,5291,5174,4759,4273,3801,3500,3042,2710,2469,2110,7674,176969
E10000018,Leicestershire,County,7613,7705,8080,7770,7737,7798,8212,8475,9018,6779,6815,6723,6048,4919,4340,4419,4351,4053,3698,3290,2959,2639,2316,2094,1867,6957,146675
E10000019,Lincolnshire,County,9472,9623,9650,9358,9553,9908,9888,10679,11469,8879,8510,8385,7466,6636,5598,5629,5472,4910,4636,4059,3665,3100,2848,2554,2237,8094,182278
E10000024,Nottinghamshire,County,9360,9461,9216,9219,9168,9449,9558,10054,10756,8193,8062,7986,7223,6120,5423,5404,5329,4839,4480,3986,3603,3169,2685,2503,2118,7722,175086
E12000005,WEST MIDLANDS,Region,59663,60199,59380,57099,56739,57955,59138,60684,64103,50654,50337,50709,46097,40255,35311,35199,34054,31939,29906,26563,23749,20451,18400,16670,14308,53439,1113001
E10000028,Staffordshire,County,10070,10319,10264,9560,10026,10382,10469,11289,11874,8973,9152,9164,8288,7301,6337,6173,5990,5450,5124,4420,3826,3457,2956,2661,2251,8415,194191
E10000031,Warwickshire,County,6153,6229,6127,6085,6106,6210,6456,6641,7190,5816,5902,5771,5155,4314,3769,3739,3658,3543,3306,2907,2512,2180,1900,1805,1662,6099,121235
E11000005,West Midlands (Met County),Metropolitan County,24996,24700,24492,23501,22821,23147,23051,23504,24566,19691,19697,20112,18690,16449,14529,14705,14340,13565,12558,11625,10459,8638,8133,7290,6261,22789,454309
E08000025,Birmingham,Metropolitan District,8762,8613,8491,8043,7515,7681,7320,7543,7780,6193,6141,6213,5813,5149,4505,4660,4657,4286,4112,3918,3465,2904,2803,2470,2155,8220,149412
E08000026,Coventry,Metropolitan District,2809,2742,2709,2503,2503,2631,2589,2673,2708,2313,2296,2258,2128,1722,1678,1653,1634,1493,1333,1303,1103,932,894,739,617,2500,50463
E08000027,Dudley,Metropolitan District,3274,3288,3418,3333,3307,3308,3406,3433,3756,2951,3067,3180,2873,2536,2129,2174,2128,2047,1841,1650,1554,1195,1143,933,868,2864,65656
E08000028,Sandwell,Metropolitan District,2925,2738,2722,2604,2441,2542,2614,2538,2597,2101,2109,2196,2116,1875,1619,1628,1519,1521,1311,1208,1115,842,814,736,701,2166,49298
E08000029,Solihull,Metropolitan District,2174,2231,2249,2170,2216,2250,2417,2489,2757,2121,2137,2103,1884,1699,1409,1432,1398,1332,1291,1087,1082,892,816,802,658,2525,45621
E08000030,Walsall,Metropolitan District,2671,2639,2605,2487,2543,2512,2561,2613,2720,2189,2195,2251,2116,1919,1723,1655,1661,1563,1439,1313,1147,946,813,858,647,2267,50053
E08000031,Wolverhampton,Metropolitan District,2381,2449,2298,2361,2296,2223,2144,2215,2248,1823,1752,1911,1760,1549,1466,1503,1343,1323,1231,1146,993,927,850,752,615,2247,43806
E10000034,Worcestershire,County,7051,7393,7323,7000,7171,7294,7657,7713,8219,6457,6329,6413,5539,4864,4191,4141,4074,3763,3575,3008,2766,2511,2175,2065,1725,7022,137439
E12000006,EAST,Region,65350,65923,64640,62955,63081,64334,66259,70830,78595,58748,55761,54634,49961,43264,37057,38349,37470,35429,33006,29991,27580,24244,21369,19636,17137,65659,1251262
E10000003,Cambridgeshire,County,6830,6838,6610,6664,6518,6607,6912,7142,7853,6028,5808,5461,5057,4418,3740,3866,3698,3527,3258,2853,2702,2366,2076,1952,1691,6847,127322
E10000012,Essex,County,15901,15973,15942,15338,15469,15742,16616,18034,20306,14889,14047,13816,12582,10784,9153,9502,9430,8733,8102,7443,6709,5953,5227,4745,4162,15314,309912
E10000015,Hertfordshire,County,11213,11101,10536,10057,10197,10317,10434,10966,12244,9208,8858,8683,8125,6829,5961,6398,6334,5968,5798,5181,4837,4399,3841,3610,3088,11726,205909
E10000020,Norfolk,County,11069,11277,11256,11190,11261,11649,11833,12911,14520,10816,10258,10104,9278,8028,6986,6940,6712,6474,5981,5387,4886,4269,3868,3535,3028,11827,225343
E10000029,Suffolk,County,8961,9376,9287,9038,9175,9377,9728,10435,11606,8625,8131,8008,7170,6510,5451,5531,5425,5169,4670,4232,3982,3447,3047,2751,2448,9918,181498
E12000007,LONDON,Region,69470,66040,63250,60684,58698,58124,57109,57299,59413,48487,44594,43019,40209,36190,32407,33782,32593,30682,27909,26014,23600,20651,18566,16592,14399,58672,1098453
E09000007,Camden,London Borough,1987,1904,1887,1805,1742,1768,1843,1795,1835,1573,1518,1428,1251,1099,1013,986,1008,904,764,721,636,599,527,499,463,2044,33599
E09000001,City of London,London Borough,132,96,100,82,98,106,86,114,100,68,74,51,63,57,55,55,52,48,41,21,39,9,34,13,21,116,1731
E09000012,Hackney,London Borough,1701,1486,1483,1333,1303,1254,1187,1146,1166,899,889,843,765,675,626,639,599,553,524,488,501,372,306,265,226,1087,22316
E09000013,Hammersmith and Fulham,London Borough,1329,1308,1213,1159,1158,1075,1124,1130,1129,970,840,862,731,636,675,664,616,555,481,419,391,364,294,317,246,1001,20687
E09000014,Haringey,London Borough,2057,1840,1805,1717,1610,1641,1583,1479,1485,1247,1187,1099,991,865,824,852,785,768,771,680,539,466,437,441,354,1095,28618
E09000019,Islington,London Borough,1454,1455,1288,1265,1122,1232,1221,1249,1217,920,845,894,829,692,649,652,626,547,528,436,414,402,355,270,285,997,21844
E09000020,Kensington and Chelsea,London Borough,1484,1425,1334,1352,1378,1485,1371,1397,1410,1257,1141,1093,1037,928,755,813,737,692,625,541,542,396,364,312,307,1420,25596
E09000022,Lambeth,London Borough,2079,1837,1820,1628,1519,1532,1458,1399,1428,1097,1046,963,971,862,855,921,777,771,684,671,586,426,460,396,365,1499,28050
E09000023,Lewisham,London Borough,2031,1978,1759,1594,1693,1487,1495,1556,1524,1183,1114,1070,1032,969,860,911,887,852,723,672,639,573,483,398,364,1507,29354
E09000025,Newham,London Borough,2059,1949,1848,1852,1690,1666,1362,1444,1384,1137,1043,1018,932,937,787,817,779,749,688,589,522,478,358,381,303,1192,27964
E09000028,Southwark,London Borough,2111,1878,1821,1626,1510,1526,1467,1412,1415,1223,1158,986,961,890,856,838,763,732,628,651,530,456,394,372,329,1405,27938
E09000030,Tower Hamlets,London Borough,1703,1596,1522,1525,1206,1254,1155,1021,1051,900,809,702,660,664,661,646,567,532,469,473,419,364,335,323,256,958,21771
E09000032,Wandsworth,London Borough,1965,1909,1851,1739,1780,1753,1785,1641,1809,1395,1297,1208,1157,1056,1035,1018,1002,911,862,722,637,576,500,443,373,1576,32000
E09000033,Westminster,London Borough,2174,2021,2024,2008,1833,1854,1758,1729,1740,1494,1485,1289,1196,1023,1017,947,1032,938,863,785,712,613,584,479,439,1863,33900
E09000002,Barking and Dagenham,London Borough,1338,1283,1244,1096,1101,1005,985,954,1012,867,818,679,724,646,532,572,560,599,496,443,428,336,322,293,256,1218,19807
E09000003,Barnet,London Borough,3354,3136,3178,3014,3041,3102,2958,2942,3088,2662,2541,2515,2132,1979,1614,1698,1732,1607,1383,1434,1332,1178,1147,921,830,3652,58170
E09000004,Bexley,London Borough,2191,2064,2029,2031,2088,1907,2022,2155,2358,1860,1611,1631,1582,1427,1228,1356,1408,1280,1173,1062,978,876,815,658,637,2606,41033
E09000005,Brent,London Borough,2940,2615,2564,2429,2330,2387,2088,2042,2021,1806,1626,1580,1468,1436,1179,1355,1226,1121,1127,1004,924,785,706,624,537,2103,42023
E09000006,Bromley,London Borough,2981,2938,2837,2810,2898,2894,3087,3192,3552,2742,2449,2374,2365,1997,1768,1795,1767,1741,1590,1500,1326,1175,1120,1108,848,3261,58115
E09000008,Croydon,London Borough,3582,3380,3124,3059,2890,2761,2640,2865,3035,2351,2115,2055,2037,1790,1591,1618,1534,1528,1418,1329,1178,1035,913,847,682,2691,54048
E09000009,Ealing,London Borough,3046,2927,2859,2659,2486,2423,2431,2307,2253,1878,1716,1687,1651,1500,1374,1392,1372,1338,1138,1100,993,867,742,667,588,2267,45661
E09000010,Enfield,London Borough,2661,2594,2457,2475,2286,2229,2238,2199,2304,2027,1848,1921,1789,1588,1372,1481,1441,1300,1196,1102,1064,924,802,669,595,2275,44837
E09000011,Greenwich,London Borough,2070,1949,1777,1714,1677,1603,1624,1705,1816,1380,1291,1221,1091,941,873,939,874,778,706,722,617,539,450,426,361,1549,30693
E09000015,Harrow,London Borough,2550,2303,2332,2172,2148,2126,2040,2055,2021,1818,1639,1665,1438,1308,1164,1292,1241,1156,1056,995,980,883,775,602,551,2324,40634
E09000016,Havering,London Borough,2418,2476,2245,2283,2250,2299,2348,2494,2790,2104,1905,1877,1771,1567,1389,1504,1420,1371,1359,1179,1130,980,915,841,749,2854,46518
E09000017,Hillingdon,London Borough,2567,2428,2340,2112,2048,2163,2123,2138,2390,1885,1684,1708,1536,1446,1239,1322,1265,1256,1203,1125,981,867,764,691,581,2171,42033
E09000018,Hounslow,London Borough,2257,2160,2146,2060,1877,1927,1855,1856,1791,1421,1404,1319,1220,1167,954,993,1013,953,836,780,682,608,556,461,409,1414,34119
E09000021,Kingston upon Thames,London Borough,1428,1471,1391,1295,1337,1310,1350,1363,1426,1195,997,990,926,848,735,772,709,617,661,559,502,465,405,390,362,1578,25082
E09000024,Merton,London Borough,1623,1568,1545,1503,1462,1432,1455,1371,1437,1101,1115,959,921,852,916,830,849,758,684,628,565,456,488,429,349,1338,26634
E09000026,Redbridge,London Borough,2525,2486,2300,2209,2139,2120,1957,2005,1998,1686,1545,1460,1480,1262,1120,1214,1172,1138,929,927,806,793,630,602,542,2228,39273
E09000027,Richmond upon Thames,London Borough,1822,1799,1692,1717,1734,1734,1744,1836,1905,1481,1357,1455,1170,1009,937,949,945,839,697,727,639,541,483,471,400,1899,31982
E09000029,Sutton,London Borough,1828,1814,1670,1575,1623,1555,1668,1690,1949,1517,1333,1298,1231,1059,922,1034,951,907,819,814,746,659,567,528,434,1725,31916
E09000031,Waltham Forest,London Borough,2023,1967,1765,1786,1641,1514,1601,1618,1574,1343,1154,1119,1101,1015,832,907,884,843,787,715,622,590,535,455,357,1759,30507
E12000008,SOUTH EAST,Region,95350,94105,92583,89693,90496,92527,96042,101699,111274,84944,80572,79270,72741,63010,54415,56252,54649,51168,47360,43816,39321,34922,31614,28686,25482,100013,1812004
E10000011,East Sussex,County,6993,7239,7143,7004,7177,7426,7673,8446,9372,7003,6532,6442,5834,5146,4234,4376,4349,4161,3803,3491,3188,2796,2539,2340,2165,9216,146088
E10000014,Hampshire,County,15420,15276,15212,14730,14975,15369,16179,16982,19071,14527,13879,13462,12274,10620,9310,9642,9235,8780,8125,7421,6670,5992,5417,4811,4315,16866,304560
E10000016,Kent,County,16893,16834,16590,16088,16394,16894,17469,18805,20728,15623,14444,14352,12926,11252,9710,10008,9698,8786,8211,7482,6714,5925,5430,4779,4286,16454,322775
E10000025,Oxfordshire,County,6869,6715,6639,6279,6649,6749,6846,7261,7532,5868,5953,5749,5305,4587,4035,4086,4056,3668,3475,3248,2906,2527,2260,2107,1791,7029,130189
E10000030,Surrey,County,11934,11425,11429,11072,10982,11274,11736,12431,13480,10668,9881,9979,9294,7910,6912,7206,7114,6636,6300,5914,5281,4831,4386,4062,3599,14164,229900
E10000032,West Sussex,County,10099,10049,9823,9680,9742,10044,10567,11151,12394,9504,9050,8763,8367,6966,6021,6372,6124,5880,5343,4922,4554,4085,3577,3330,3049,11512,200968
E12000009,SOUTH WEST,Region,65117,66376,65766,64364,64668,66345,67936,71996,77950,59666,57752,56216,51620,45035,38698,38928,37502,35257,32711,29546,27276,23951,21835,19469,17278,67043,1270301
E10000008,Devon,County,10567,10740,10759,10459,10595,10949,11134,11926,12878,9941,9533,9206,8453,7396,6396,6235,5936,5662,5353,4707,4318,3822,3467,3221,2832,11351,207836
E10000013,Gloucestershire,County,7476,7467,7424,7362,7109,7369,7529,7826,8396,6365,6128,6226,5753,4995,4302,4275,4285,3832,3627,3201,3009,2628,2379,2094,1705,6658,139420
E10000027,Somerset,County,7198,7498,7423,7467,7517,7503,7729,8038,8533,6562,6402,6122,5834,5096,4271,4350,4064,3865,3603,3212,2863,2663,2333,2063,1870,7890,141969
W92000004,WALES,Country,35963,36860,36521,35274,35337,36085,36763,38414,40215,30409,29648,29027,26843,24133,21372,20571,19640,18385,16646,15324,13684,12208,10894,9429,8185,30760,668590
S92000003,SCOTLAND,Country,63006,61854,60188,57711,57674,57542,58270,59477,63508,47033,43773,43790,40965,36647,33035,32822,31017,29101,26288,24068,21747,18980,16467,14836,12532,43749,1056080
S12000033,Aberdeen City,Council Area,2295,2199,2030,2070,1958,1966,2070,1968,2211,1603,1290,1325,1336,1295,1098,1152,1043,1067,929,875,788,697,628,595,438,1685,36611
S12000034,Aberdeenshire,Council Area,3241,3232,2978,2949,2947,2938,3055,3070,3264,2403,2134,2063,1959,1830,1581,1596,1428,1313,1194,1139,966,897,745,659,569,1956,52106
S12000041,Angus,Council Area,1463,1516,1571,1419,1508,1541,1574,1664,1779,1228,1209,1211,1123,967,881,911,794,770,724,610,571,505,410,430,370,1292,28041
S12000035,Argyll and Bute,Council Area,1243,1207,1207,1210,1280,1201,1288,1278,1376,1042,975,984,886,796,723,725,645,617,562,505,488,369,321,314,280,820,22342
S12000036,City of Edinburgh,Council Area,4651,4642,4519,4414,4235,4300,4299,4266,4768,3416,3156,3041,2880,2592,2414,2399,2327,2251,2048,1967,1800,1614,1387,1288,1218,4087,79979
S12000005,Clackmannanshire,Council Area,615,647,618,582,600,646,650,634,658,470,499,461,432,379,342,269,273,274,266,214,184,145,106,134,94,384,10576
S12000006,Dumfries and Galloway,Council Area,2166,2192,2118,2121,2085,2138,2148,2188,2322,1763,1682,1684,1612,1463,1317,1235,1125,1054,1020,942,778,725,649,520,461,1550,39058
S12000042,Dundee City,Council Area,1487,1383,1441,1335,1293,1356,1387,1441,1627,1142,1048,1019,925,923,817,832,823,795,651,638,595,610,428,410,370,1264,26040
S12000008,East Ayrshire,Council Area,1513,1488,1528,1413,1376,1422,1420,1459,1598,1128,1119,1060,990,836,794,786,725,677,642,513,481,438,364,312,244,894,25220
S12000045,East Dunbartonshire,Council Area,1417,1334,1359,1200,1259,1302,1294,1314,1421,1041,1037,1056,987,806,788,830,803,764,760,607,596,518,425,396,308,1111,24733
S12000010,East Lothian,Council Area,1319,1258,1179,1201,1180,1184,1153,1318,1332,1025,930,1020,840,806,735,676,622,663,518,525,425,436,360,311,255,921,22192
S12000011,East Renfrewshire,Council Area,1118,1062,1047,1030,969,970,1011,1043,1092,812,808,827,765,656,658,564,612,564,530,516,438,423,343,329,265,989,19441
S12000014,Falkirk,Council Area,1779,1750,1771,1667,1797,1754,1767,1766,1918,1351,1294,1272,1181,1041,945,935,965,817,757,658,630,533,449,381,335,1142,30655
S12000047,Fife,Council Area,4516,4505,4270,4172,4289,4282,4403,4571,4985,3572,3460,3385,3034,2828,2365,2405,2226,2077,1911,1768,1540,1313,1196,1010,841,3245,78169
S12000049,Glasgow City,Council Area,5810,5442,5056,4839,4738,4573,4503,4523,4690,3529,3374,3274,3075,2764,2629,2659,2524,2344,2200,1915,1876,1568,1425,1290,1089,3914,85623
S12000017,Highland,Council Area,3115,3157,3094,3013,2973,2979,3038,3163,3148,2441,2208,2331,2182,1910,1659,1654,1549,1458,1248,1201,1092,974,848,756,615,2195,54001
S12000018,Inverclyde,Council Area,1001,931,928,870,942,914,901,894,939,748,656,723,678,550,539,469,508,466,437,375,316,269,260,267,200,714,16495
S12000019,Midlothian,Council Area,1037,1033,1013,979,1002,970,1028,1009,1153,843,774,769,705,583,568,496,492,456,406,378,350,264,239,220,182,621,17570
S12000020,Moray,Council Area,1186,1173,1174,1114,1156,1159,1097,1163,1251,952,900,912,841,720,691,665,620,586,537,437,499,401,358,295,273,911,21071
S12000013,Na h-Eileanan Siar,Council Area,409,373,383,381,352,396,372,367,407,315,252,279,281,233,238,249,234,215,172,144,138,134,124,96,90,339,6973
S12000021,North Ayrshire,Council Area,1798,1787,1789,1689,1705,1642,1752,1855,1909,1411,1336,1350,1255,1140,990,1057,866,815,686,667,557,517,446,423,306,1099,30847
S12000050,North Lanarkshire,Council Area,3832,3781,3646,3450,3324,3429,3355,3393,3464,2689,2486,2481,2403,2071,1827,1868,1826,1703,1396,1313,1140,923,870,715,563,1863,59811
S12000023,Orkney Islands,Council Area,304,286,329,279,311,269,302,283,320,241,227,250,239,238,154,201,164,161,128,114,117,97,68,58,63,240,5443
S12000048,Perth and Kinross,Council Area,1999,1970,2104,1887,1899,1943,1931,1942,2152,1642,1468,1447,1437,1284,1106,1189,1144,1017,923,851,825,662,587,590,503,1815,36317
S12000038,Renfrewshire,Council Area,2060,2012,1896,1787,1938,1788,1868,1819,2054,1482,1473,1463,1269,1161,1113,1029,1027,968,886,815,740,650,520,473,412,1450,34153
S12000026,Scottish Borders,Council Area,1693,1611,1616,1534,1562,1608,1615,1738,1897,1323,1244,1241,1191,987,903,930,898,824,728,631,580,516,433,365,363,1053,29084
S12000027,Shetland Islands,Council Area,319,277,259,268,272,272,265,258,290,203,211,191,219,190,149,159,133,120,118,99,105,82,66,52,51,179,4807
S12000028,South Ayrshire,Council Area,1607,1621,1580,1552,1540,1537,1583,1593,1751,1330,1219,1258,1198,1061,900,915,816,812,757,685,618,510,480,388,377,1267,28955
S12000029,South Lanarkshire,Council Area,4009,4004,3796,3604,3465,3415,3435,3572,3710,2821,2545,2671,2451,2197,2018,1918,1774,1732,1560,1497,1236,1106,985,816,742,2401,63480
S12000030,Stirling,Council Area,1037,998,1044,966,1004,956,972,1014,1193,851,726,825,756,661,601,607,599,499,518,449,409,291,301,303,181,755,18516
S12000039,West Dunbartonshire,Council Area,1129,1082,1005,956,967,955,927,1028,945,759,691,662,612,567,504,518,508,425,391,378,313,301,256,234,184,571,16868
S12000040,West Lothian,Council Area,1838,1901,1840,1760,1748,1737,1807,1883,1884,1457,1342,1255,1223,1112,988,924,924,797,685,642,556,492,390,406,290,1022,30903
N92000002,NORTHERN IRELAND,Country,19086,18712,18211,17405,17279,17131,16847,16616,16434,15034,14663,14218,13411,11858,10384,9719,9550,8620,8105,7178,6508,5624,5206,4427,3796,13927,319949
N09000001,Antrim and Newtownabbey,Local Government District,1433,1405,1399,1317,1348,1302,1318,1266,1222,1180,1115,1080,1084,896,791,759,774,691,620,524,514,444,361,338,281,1059,24521
N09000011,Ards and North Down,Local Government District,1912,1947,1947,1901,1936,1927,1944,2037,1971,1811,1750,1600,1520,1286,1066,975,981,915,821,712,642,565,532,480,398,1521,35097
N09000002,"Armagh City, Banbridge and Craigavon",Local Government District,2058,1990,1891,1846,1839,1910,1830,1809,1759,1610,1618,1523,1453,1272,1135,1053,1031,921,874,751,685,593,536,430,365,1385,34167
N09000003,Belfast,Local Government District,3079,3005,2835,2651,2594,2506,2470,2474,2466,2246,2217,2196,2099,1943,1643,1563,1593,1522,1449,1264,1166,1037,977,813,740,2702,51250
N09000004,Causeway Coast and Glens,Local Government District,1584,1583,1559,1494,1420,1449,1498,1373,1376,1291,1281,1235,1156,1042,934,838,796,709,654,597,515,443,457,373,310,1123,27090
N09000005,Derry City and Strabane,Local Government District,1514,1490,1400,1347,1401,1375,1295,1270,1244,1142,1068,1052,885,800,760,676,673,610,574,478,424,351,336,269,234,760,23428
N09000006,Fermanagh and Omagh,Local Government District,1325,1267,1260,1182,1160,1139,1147,1038,1064,902,898,875,800,709,629,576,562,526,530,436,379,356,310,272,252,915,20509
N09000007,Lisburn and Castlereagh,Local Government District,1431,1419,1423,1346,1277,1313,1302,1302,1327,1183,1133,1210,1193,1052,907,851,847,727,653,656,554,464,455,390,315,1117,25847
N09000008,Mid and East Antrim,Local Government District,1557,1491,1521,1417,1457,1424,1379,1395,1440,1262,1209,1235,1189,1050,858,863,812,714,693,612,590,508,416,361,321,1150,26924
N09000009,Mid Ulster,Local Government District,1312,1320,1298,1243,1239,1192,1115,1136,1140,1038,1044,950,874,796,734,679,665,554,495,491,440,381,357,301,251,947,21992
N09000010,"Newry, Mourne and Down",Local Government District,1881,1795,1678,1661,1608,1594,1549,1516,1425,1369,1330,1262,1158,1012,927,886,816,731,742,657,599,482,469,400,329,1248,29124
